{
  "main/all": [
    {
      "texture": "silentgear:main_generic_hc",
      "color": "#663109"
    },
    {
      "texture": "silentgear:_highlight"
    }
  ],
  "main/fragment": [
    {
      "texture": "silentgear:metal",
      "color": "#663109"
    }
  ],
  "coating/all": [
    {
      "texture": "silentgear:main_generic_hc",
      "color": "#663109"
    },
    {
      "texture": "silentgear:_highlight"
    }
  ],
  "coating/part": [
    {
      "texture": "silentgear:coating_material",
      "color": "#663109"
    },
    {
      "texture": "silentgear:coating_jar"
    }
  ]
}