{
  "binding/all": [
    {
      "texture": "silentgear:binding_generic",
      "color": "#5AE08D"
    }
  ],
  "binding/part": [
    {
      "texture": "silentgear:binding",
      "color": "#DB374A"
    }
  ],
  "bowstring/all": [
    {
      "texture": "silentgear:bowstring_string",
      "color": "#DB374A"
    },
    {
      "texture": "silentgear:arrow",
      "color": "#DB374A"
    }
  ],
  "bowstring/part": [
    {
      "texture": "silentgear:bowstring",
      "color": "#DB374A"
    }
  ],
  "main/fragment": [
    {
      "texture": "silentgear:cloth",
      "color": "#DB374A"
    }
  ]
}