
{
  "coating/all": [
    {
      "texture": "silentgear:main_generic_hc",
      "color": "#C5ED95"
    },
    {
      "texture": "silentgear:main_generic_highlight"
    }
  ],
 1"coating/part": [
    {
      "texture": "silentgear:coating_material",
      "color": "#C5ED95"
    },
    {
      "texture": "silentgear:coating_jar"
    }
  ],
  "coating/armor": [
    {
      "texture": "minecraft:leather",
      "color": "#C5ED95"
    }
  ],
  "main/fragment": [
    {
      "texture": "silentgear:dust",
      "color": "#C5ED95"
    }
  ]
}