{
  "main/all": [
    {
      "texture": "silentgear:main_generic_lc",
      "color": "#C7679D"
    }
  ],
  "main/fragment": [
    {
      "texture": "silentgear:cloth",
      "color": "#C7679D"
    }
  ],
  "grip/all": [
    {
      "texture": "silentgear:grip_wool",
      "color": "#C7679D"
    }
  ],
  "grip/part": [
    {
      "texture": "silentgear:grip",
      "color": "#C7679D"
    }
  ],
  "lining/part": [
    {
      "texture": "silentgear:lining_cloth",
      "color": "#C7679D"
    }
  ]
}