{
  "coating/all": [
    {
      "texture": "silentgear:main_generic_hc",
      "color": "#FF5600"
    },
    {
      "texture": "silentgear:_highlight"
    }
  ],
  "coating/part": [
    {
      "texture": "silentgear:coating_material",
      "color": "#FF5600"
    },
    {
      "texture": "silentgear:coating_jar"
    }
  ],
  "coating/armor": [
    {
      "texture": "minecraft:netherite",
      "color": "#FF5600"
    }
  ],
  "main/fragment": [
    {
      "texture": "silentgear:dust",
      "color": "#FF5600"
    }
  ]
}