{
  "main/all": [
    {
      "texture": "silentgear:main_generic_hc",
      "color": "#a3683b"
    },
    {
      "texture": "silentgear:_highlight"
    }
  ],
  "main/fragment": [
    {
      "texture": "silentgear:metal",
      "color": "#a3683b"
    }
  ],
  "rod/all": [
    {
      "texture": "silentgear:rod_generic_hc",
      "color": "#a3683b"
    }
  ],
  "rod/part": [
    {
      "texture": "silentgear:rod",
      "color": "#a3683b"
    }
  ],
  "tip/all": [
    {
      "texture": "silentgear:tip_sharp",
      "color": "#a3683b"
    }
  ],
  "tip/part": [
    {
      "texture": "silentgear:tip_base"
    },
    {
      "texture": "silentgear:tip",
      "color": "#a3683b"
    },
    {
      "texture": "silentgear:tip_shine"
    }
  ],
  "adornment/all": [
    {
      "texture": "silentgear:adornment_generic",
      "color": "#a3683b"
    },
    {
      "texture": "silentgear:adornment_highlight",
      "color": "#a3683b"
    }
  ],
  "adornment/part": [
    {
      "texture": "silentgear:adornment",
      "color": "#a3683b"
    },
    {
      "texture": "silentgear:adornment_highlight"
    }
  ]
}